-- MySQL dump 10.13  Distrib 5.7.27, for Linux (x86_64)
--
-- Host: db.ecom903.local    Database: ecom903
-- ------------------------------------------------------
-- Server version	8.0.16

/*!40101 SET @OLD_CHARACTER_SET_CLIENT=@@CHARACTER_SET_CLIENT */;
/*!40101 SET @OLD_CHARACTER_SET_RESULTS=@@CHARACTER_SET_RESULTS */;
/*!40101 SET @OLD_COLLATION_CONNECTION=@@COLLATION_CONNECTION */;
/*!40101 SET NAMES utf8 */;
/*!40103 SET @OLD_TIME_ZONE=@@TIME_ZONE */;
/*!40103 SET TIME_ZONE='+00:00' */;
/*!40014 SET @OLD_UNIQUE_CHECKS=@@UNIQUE_CHECKS, UNIQUE_CHECKS=0 */;
/*!40014 SET @OLD_FOREIGN_KEY_CHECKS=@@FOREIGN_KEY_CHECKS, FOREIGN_KEY_CHECKS=0 */;
/*!40101 SET @OLD_SQL_MODE=@@SQL_MODE, SQL_MODE='NO_AUTO_VALUE_ON_ZERO' */;
/*!40111 SET @OLD_SQL_NOTES=@@SQL_NOTES, SQL_NOTES=0 */;

--
-- Table structure for table `attribute`
--

DROP TABLE IF EXISTS `attribute`;
/*!40101 SET @saved_cs_client     = @@character_set_client */;
/*!40101 SET character_set_client = utf8 */;
CREATE TABLE `attribute` (
  `id` int(11) NOT NULL AUTO_INCREMENT,
  `category_id` int(11) NOT NULL,
  `name` varchar(255) CHARACTER SET utf8mb4 COLLATE utf8mb4_unicode_ci NOT NULL,
  `values_list` json NOT NULL COMMENT '(DC2Type:json_array)',
  PRIMARY KEY (`id`),
  KEY `IDX_FA7AEFFB12469DE2` (`category_id`),
  CONSTRAINT `FK_FA7AEFFB12469DE2` FOREIGN KEY (`category_id`) REFERENCES `categories` (`id`)
) ENGINE=InnoDB AUTO_INCREMENT=1914 DEFAULT CHARSET=utf8mb4 COLLATE=utf8mb4_unicode_ci;
/*!40101 SET character_set_client = @saved_cs_client */;

--
-- Dumping data for table `attribute`
--

LOCK TABLES `attribute` WRITE;
/*!40000 ALTER TABLE `attribute` DISABLE KEYS */;
INSERT INTO `attribute` VALUES (1,2,'Диагональ экрана','[\"9\\\"\", \"10\\\"\", \"11\\\"\", \"13\\\"\", \"14\\\"\", \"15,6\\\"\", \"17\\\"\"]'),(2,4,'Вес','[\"1\", \"1,5\", \"2\", \"2,2\", \"2,7\", \"3\", \"194 г\", \"186 г\", \"197 г\", \"138 г\", \"175 г\", \"168 г\", \"145 г\", \"142 г\", \"181 г\", \"165 г\", \"150 г\", \"208 г\"]'),(3,1,'Напряжение питания','[\"110\", \"230\"]'),(1874,4,'Диагональ дисплея','[\"6,1\'\'\", \"6,4\'\'\", \"6,59\\\"\", \"6,3\'\'\", \"4,7\'\'\", \"6,5\\\"\", \"6,2\'\'\", \"5,45\\\"\", \"6,26\\\"\", \"6,09\'\'\", \"5,8\'\'\", \"6,5\'\'\"]'),(1875,4,'Разрешение экрана','[\"1792х828\", \"2340x1080\", \"1334х750\", \"1520х720 HD+\", \"1440х720 HD+\", \"1560х720\", \"2244х1080\", \"2688x1242\"]'),(1876,4,'Тип экрана','[\"Liquid Retina HD (IPS)\", \"Super Amoled\", \"LTPS\", \"IPS\", \"Retina\", \"TFT\", \"PLS\", \"Super Retina HD (OLED)\"]'),(1877,4,'Количество цветов экрана','[\"16 млн\", \"16,7 млн\"]'),(1878,4,'Технология защитного стекла','[\"Закаленное стекло\", \"Corning Gorilla Glass\", \"Corning Gorilla Glass 5\", \"Corning Gorilla Glass 3\"]'),(1879,4,'Стандарты связи','[\"2G, 3G, 4G\", \"2G, 3G, 4G (LTE)\", \"2G/3G/4G\", \"GSM: 850/900/1800/1900, CDMA: 800/1900/2100, HSDPA: 850/900/1700(AWS)/1900/2100, LTE\", \"LTE FDD/WCDMA/GSM\", \"2G GSM, 3G WCDMA, 4G LTE FDD, 4G LTE TDD\", \"2G, 3G, 4G(LTE)\", \"2G (EDGE), 3G (WCDMA/UMTS), 4G (LTE)\", \"LTE FDD / WCDMA / GSM\", \"GPRS, EDGE, WCDMA, LTE\", \"GSM, 3G (WCDMA/UMTS), 2G (EDGE), 4G (LTE)\"]'),(1880,4,'Количество SIM-карт','[\"1 слот для SIM-карты\", \"2 слота для SIM-карт\"]'),(1881,4,'Размер SIM-карты','[\"Nano-SIM\", \"2 Nano-SIM\", \"2 Nano-SIM (или Nano-SIM+карта памяти)\"]'),(1882,4,'Операционная система','[\"Apple iOS\", \"Android 9.0\", \"Android 8.0 (Oreo)\", \"Android 8.1 (Oreo)\"]'),(1883,4,'Модель центрального процессора','[\"A12 Bionic\", \"Exynos 9610\", \"HiSilicon Kirin 710F\", \"Qualcomm Snapdragon 660\", \"Apple A10 Fusion\", \"Kirin 710\", \"Exynos 7884\", \"Helio A22\", \"Mediatek MT6739\", \"Qualcomm Snapdragon 429\", \"Exynos 7904\", \"MTK MT6761\", \"Kirin 970\"]'),(1884,4,'Количество ядер','[\"6 ядер\", \"8 ядер\", \"4 ядра\", \"4+4 ядра\"]'),(1885,4,'Оперативная память','[\"3 ГБ\", \"4 ГБ\", \"2 ГБ\"]'),(1886,4,'Встроенная память','[\"64 ГБ\", \"32 ГБ\", \"16 ГБ\"]'),(1887,4,'Основная камера','[\"12 Мп\", \"25+5+8 Мп\", \"16+2 Мп\", \"48+5 Мп\", \"20+2 Мп\", \"13 Мп\", \"16+5 Мп\", \"13+5 Мп\", \"20+12 Мп\", \"12+12 Мп\"]'),(1888,4,'Фронтальная камера','[\"7 Мп\", \"25 Мп\", \"16 Мп\", \"13 Мп\", \"5 Мп\", \"8 Мп\", \"24 Мп\"]'),(1889,4,'Вспышка','[\"\", \"LED вспышка\"]'),(1890,4,'Тип беспроводной сети Wi-Fi','[\"802.11 a/b/g/n/ac\", \"802.11 b/g/n/ac Dual Band\", \"802.11 ac\", \"802.11 a/b/g/n/ac Dual Band\", \"802.11 b/g/n\", \"802.11 b/g/n/ac\"]'),(1891,4,'Bluetooth','[\"Версия 5.0\", \"Версия 4.2\", \"Версия 4.2+BLE\"]'),(1892,4,'Навигационная система','[\"A-GPS, ГЛОНАСС, GALILEO, QZSS\", \"GPS, A-GPS, ГЛОНАСС\", \"A-GPS, GPS\", \"A-GPS, ГЛОНАСС\", \"GPS, A-GPS, ГЛОНАСС, Beidou\", \"GPS + GLONASS, BEIDOU, GALILEO\", \"A-GPS + GPS + GLONASS, BEIDOU, GALILEO\", \"A-GPS, ГЛОНАСС, BDS\"]'),(1893,4,'NFC','[\"\"]'),(1894,4,'Интерфейс USB','[\"Lightning\", \"USB Type-C\", \"microUSB\"]'),(1895,4,'Ёмкость аккумулятора','[\"2942 мАч\", \"4000 мАч\", \"1960 мАч\", \"3750 мАч\", \"3400 мАч\", \"3000 мАч\", \"3020 мАч\", \"5000 мАч\", \"3174 мАч\"]'),(1896,4,'Время работы в режиме разговора','[\"До 25 часов\", \"До 23 ч\", \"До 14 ч\", \"До 21 ч\", \"До 21 часов\", \"До 35 часов\", \"До 25 ч\"]'),(1897,4,'Пыле-влаго защита','[\"\"]'),(1898,4,'Комплектация','[\"Смартфон, наушники EarPods с разъёмом Lightning, кабель Lightning/USB, адаптер питания USB, документация\", \"Смартфон, зарядное устройство, наушники, руководство по эксплуатации, гарантийный талон\", \"Смартфон, зарядное устройство, руководство по эксплуатации, гарантийный талон\", \"Смартфон, зарядное устройство, кабель USB Type-C, документация, гарантийный талон\", \"Смартфон, наушники, кабель Lightning/USB, адаптер питания, документация\", \"Смартфон, зарядное устройство, чехол, руководство по эксплуатации, гарантийный талон\", \"Смартфон, зарядное устройство, кабель USB, документация, гарантийный талон\", \"Смартфон, зарядное устройство, кабель USB, приспособление для извлечения SIM-карты, руководство по эксплуатации, гарантийный талон\", \"Смартфон, руководство по эксплуатации, гарантийный талон\", \"Смартфон, зарядное устройство, USB-кабель, краткое руководство пользователя, устройство для извлечения карт, защитная пленка на задней панели, защитная пленка для экрана\", \"Смартфон, наушники USB-C, зарядное устройство, кабель USB-C, адаптер \\\"USB-C - разъем для наушников 3.5 мм\\\" адаптер с разъемом для наушников, гибкий прозрачный чехол, краткое руководство пользователя, инструмент для извлечения SIM-карты, гарантийный талон\", \"Смартфон, адаптер питания, кабель Lightning to USB, наушники\"]'),(1899,4,'Материал корпуса','[\"Металл, стекло\", \"Пластик\", \"Стекло\", \"Пластик, металл\", \"Алюминий\"]'),(1900,4,'Высота','[\"150,9 мм\", \"158,5 мм\", \"163,5 мм\", \"159,21 мм\", \"138,3 мм\", \"160,4 мм\", \"155,6 мм\", \"147,5 мм\", \"146,5 мм\", \"159,44 мм\", \"156,4 мм\", \"156,28 мм\", \"149,1 мм\", \"157,5 мм\"]'),(1901,4,'Ширина','[\"75,7 мм\", \"74,7 мм\", \"77,3 мм\", \"75,21 мм\", \"67,1 мм\", \"76,6 мм\", \"75,6 мм\", \"71,5 мм\", \"70,9 мм\", \"76,24 мм\", \"74,5 мм\", \"73,50 мм\", \"70,8 мм\", \"77,4 мм\"]'),(1902,4,'Глубина','[\"8,3 мм\", \"7,7 мм\", \"8,8 мм\", \"8,1 мм\", \"7,1 мм\", \"7,8 мм\", \"7,9 мм\", \"8,60 мм\", \"8 мм\", \"7,65 мм\"]'),(1903,4,'Цвет производителя','[\"Черный\", \"Зеленый\", \"Синий\", \"Красный\", \"Золотистый\", \"Белый\", \"Пурпурный\"]'),(1904,4,'Гарантийный срок','[\"1 год\"]'),(1905,4,'Страна производства','[\"Китай\", \"Вьетнам\"]'),(1906,4,'Бренд','[\"Apple\", \"Samsung\", \"Huawei\", \"Xiaomi\", \"Honor\", \"Nokia\"]'),(1907,4,'Частота центрального процессора','[\"2,3 ГГц+1,7 ГГц\", \"2,2 ГГц + 1,7 ГГц\", \"2,2 ГГц\", \"2,34 ГГц\", \"1,6 ГГц+1,35 ГГц\", \"2 ГГц\", \"1,5 ГГц\", \"1,8 ГГц+1,6 ГГц\", \"2,4 ГГц+1,8 ГГц\"]'),(1908,4,'Модель графического процессора','[\"Mali-G72 MP3\", \"Mali - G51 MP2\", \"Adreno 512\", \"Mali-G51 MP4\", \"Mali G71\", \"Power VR GE8320\", \"Qualcomm Adreno 504\", \"Mali-G71 MP2\", \"IMG PowerVR GE8320\", \"Mali-G72MP12\"]'),(1909,4,'Расширение памяти','[\"microSD 512 ГБ\", \"microSD 256 ГБ\", \"microSD 400 ГБ\"]'),(1910,4,'Разрешение видео','[\"1920 x 1080 Full HD\", \"3840 x 2160 Ultra HD\"]'),(1911,4,'FM-тюнер','[\"\"]'),(1912,4,'Разъем 3,5 мм','[\"\"]'),(1913,4,'Время работы в режиме ожидания','[\"До 240 ч\", \"До 639 ч\", \"До 21 дня\"]');
/*!40000 ALTER TABLE `attribute` ENABLE KEYS */;
UNLOCK TABLES;

--
-- Table structure for table `attribute_value`
--

DROP TABLE IF EXISTS `attribute_value`;
/*!40101 SET @saved_cs_client     = @@character_set_client */;
/*!40101 SET character_set_client = utf8 */;
CREATE TABLE `attribute_value` (
  `id` int(11) NOT NULL AUTO_INCREMENT,
  `attribute_id` int(11) NOT NULL,
  `product_id` int(11) NOT NULL,
  `value` varchar(255) CHARACTER SET utf8mb4 COLLATE utf8mb4_unicode_ci NOT NULL,
  PRIMARY KEY (`id`),
  KEY `IDX_FE4FBB82B6E62EFA` (`attribute_id`),
  KEY `IDX_FE4FBB824584665A` (`product_id`),
  CONSTRAINT `FK_FE4FBB824584665A` FOREIGN KEY (`product_id`) REFERENCES `products` (`id`),
  CONSTRAINT `FK_FE4FBB82B6E62EFA` FOREIGN KEY (`attribute_id`) REFERENCES `attribute` (`id`) ON DELETE CASCADE
) ENGINE=InnoDB AUTO_INCREMENT=2789 DEFAULT CHARSET=utf8mb4 COLLATE=utf8mb4_unicode_ci;
/*!40101 SET character_set_client = @saved_cs_client */;

--
-- Dumping data for table `attribute_value`
--

LOCK TABLES `attribute_value` WRITE;
/*!40000 ALTER TABLE `attribute_value` DISABLE KEYS */;
INSERT INTO `attribute_value` VALUES (1,1,1,'11\"'),(5,2,1,'2,7'),(724,2,149,'194 г'),(762,2,150,'186 г'),(798,2,151,'197 г'),(833,2,152,'186 г'),(868,2,153,'138 г'),(906,2,154,'175 г'),(942,2,155,'168 г'),(978,2,156,'145 г'),(1012,2,157,'142 г'),(1049,2,159,'181 г'),(1083,2,158,'194 г'),(1121,2,161,'186 г'),(1159,2,160,'165 г'),(1195,2,164,'186 г'),(1234,2,163,'165 г'),(1272,2,165,'175 г'),(1307,2,166,'186 г'),(1343,2,168,'150 г'),(1376,2,162,'165 г'),(1412,2,167,'145 г'),(2052,1874,149,'6,1\'\''),(2053,1875,149,'1792х828'),(2054,1876,149,'Liquid Retina HD (IPS)'),(2055,1877,149,'16 млн'),(2056,1878,149,'Закаленное стекло'),(2057,1879,149,'2G, 3G, 4G'),(2058,1880,149,'1 слот для SIM-карты'),(2059,1881,149,'Nano-SIM'),(2060,1882,149,'Apple iOS'),(2061,1883,149,'A12 Bionic'),(2062,1884,149,'6 ядер'),(2063,1885,149,'3 ГБ'),(2064,1886,149,'64 ГБ'),(2065,1887,149,'12 Мп'),(2066,1888,149,'7 Мп'),(2067,1889,149,''),(2068,1890,149,'802.11 a/b/g/n/ac'),(2069,1891,149,'Версия 5.0'),(2070,1892,149,'A-GPS, ГЛОНАСС, GALILEO, QZSS'),(2071,1893,149,''),(2072,1894,149,'Lightning'),(2073,1895,149,'2942 мАч'),(2074,1896,149,'До 25 часов'),(2075,1897,149,''),(2076,1898,149,'Смартфон, наушники EarPods с разъёмом Lightning, кабель Lightning/USB, адаптер питания USB, документация'),(2077,1899,149,'Металл, стекло'),(2078,1900,149,'150,9 мм'),(2079,1901,149,'75,7 мм'),(2080,1902,149,'8,3 мм'),(2081,1903,149,'Черный'),(2082,1904,149,'1 год'),(2083,1905,149,'Китай'),(2084,1906,149,'Apple'),(2085,1874,150,'6,4\'\''),(2086,1875,150,'2340x1080'),(2087,1876,150,'Super Amoled'),(2088,1878,150,'Corning Gorilla Glass'),(2089,1879,150,'2G, 3G, 4G (LTE)'),(2090,1880,150,'2 слота для SIM-карт'),(2091,1881,150,'2 Nano-SIM'),(2092,1882,150,'Android 9.0'),(2093,1883,150,'Exynos 9610'),(2094,1884,150,'8 ядер'),(2095,1907,150,'2,3 ГГц+1,7 ГГц'),(2096,1908,150,'Mali-G72 MP3'),(2097,1885,150,'4 ГБ'),(2098,1886,150,'64 ГБ'),(2099,1909,150,'microSD 512 ГБ'),(2100,1887,150,'25+5+8 Мп'),(2101,1910,150,'1920 x 1080 Full HD'),(2102,1888,150,'25 Мп'),(2103,1889,150,''),(2104,1890,150,'802.11 a/b/g/n/ac'),(2105,1891,150,'Версия 5.0'),(2106,1892,150,'GPS, A-GPS, ГЛОНАСС'),(2107,1911,150,''),(2108,1893,150,''),(2109,1894,150,'USB Type-C'),(2110,1912,150,''),(2111,1895,150,'4000 мАч'),(2112,1896,150,'До 23 ч'),(2113,1898,150,'Смартфон, зарядное устройство, наушники, руководство по эксплуатации, гарантийный талон'),(2114,1899,150,'Пластик'),(2115,1900,150,'158,5 мм'),(2116,1901,150,'74,7 мм'),(2117,1902,150,'7,7 мм'),(2118,1903,150,'Черный'),(2119,1904,150,'1 год'),(2120,1905,150,'Вьетнам'),(2121,1906,150,'Samsung'),(2122,1874,151,'6,59\"'),(2123,1875,151,'2340x1080'),(2124,1876,151,'LTPS'),(2125,1877,151,'16,7 млн'),(2126,1879,151,'2G/3G/4G'),(2127,1880,151,'2 слота для SIM-карт'),(2128,1881,151,'Nano-SIM'),(2129,1882,151,'Android 9.0'),(2130,1883,151,'HiSilicon Kirin 710F'),(2131,1884,151,'8 ядер'),(2132,1907,151,'2,2 ГГц + 1,7 ГГц'),(2133,1908,151,'Mali - G51 MP2'),(2134,1885,151,'4 ГБ'),(2135,1886,151,'64 ГБ'),(2136,1909,151,'microSD 512 ГБ'),(2137,1887,151,'16+2 Мп'),(2138,1910,151,'1920 x 1080 Full HD'),(2139,1888,151,'16 Мп'),(2140,1889,151,''),(2141,1890,151,'802.11 b/g/n/ac Dual Band'),(2142,1891,151,'Версия 4.2'),(2143,1892,151,'GPS, A-GPS, ГЛОНАСС'),(2144,1911,151,''),(2145,1893,151,''),(2146,1894,151,'USB Type-C'),(2147,1895,151,'4000 мАч'),(2148,1898,151,'Смартфон, зарядное устройство, руководство по эксплуатации, гарантийный талон'),(2149,1899,151,'Стекло'),(2150,1900,151,'163,5 мм'),(2151,1901,151,'77,3 мм'),(2152,1902,151,'8,8 мм'),(2153,1903,151,'Зеленый'),(2154,1904,151,'1 год'),(2155,1905,151,'Китай'),(2156,1906,151,'Huawei'),(2157,1874,152,'6,3\'\''),(2158,1875,152,'2340x1080'),(2159,1876,152,'IPS'),(2160,1878,152,'Corning Gorilla Glass 5'),(2161,1879,152,'2G, 3G, 4G'),(2162,1880,152,'2 слота для SIM-карт'),(2163,1881,152,'2 Nano-SIM (или Nano-SIM+карта памяти)'),(2164,1882,152,'Android 9.0'),(2165,1883,152,'Qualcomm Snapdragon 660'),(2166,1884,152,'8 ядер'),(2167,1907,152,'2,2 ГГц'),(2168,1908,152,'Adreno 512'),(2169,1885,152,'4 ГБ'),(2170,1886,152,'64 ГБ'),(2171,1909,152,'microSD 256 ГБ'),(2172,1887,152,'48+5 Мп'),(2173,1910,152,'1920 x 1080 Full HD'),(2174,1888,152,'13 Мп'),(2175,1889,152,''),(2176,1890,152,'802.11 ac'),(2177,1891,152,'Версия 5.0'),(2178,1892,152,'A-GPS, GPS'),(2179,1894,152,'USB Type-C'),(2180,1912,152,''),(2181,1895,152,'4000 мАч'),(2182,1898,152,'Смартфон, зарядное устройство, кабель USB Type-C, документация, гарантийный талон'),(2183,1899,152,'Пластик, металл'),(2184,1900,152,'159,21 мм'),(2185,1901,152,'75,21 мм'),(2186,1902,152,'8,1 мм'),(2187,1903,152,'Черный'),(2188,1904,152,'1 год'),(2189,1905,152,'Китай'),(2190,1906,152,'Xiaomi'),(2191,1874,153,'4,7\'\''),(2192,1875,153,'1334х750'),(2193,1876,153,'Retina'),(2194,1879,153,'GSM: 850/900/1800/1900, CDMA: 800/1900/2100, HSDPA: 850/900/1700(AWS)/1900/2100, LTE'),(2195,1880,153,'1 слот для SIM-карты'),(2196,1881,153,'Nano-SIM'),(2197,1882,153,'Apple iOS'),(2198,1883,153,'Apple A10 Fusion'),(2199,1884,153,'4 ядра'),(2200,1907,153,'2,34 ГГц'),(2201,1885,153,'2 ГБ'),(2202,1886,153,'32 ГБ'),(2203,1887,153,'12 Мп'),(2204,1910,153,'3840 x 2160 Ultra HD'),(2205,1888,153,'7 Мп'),(2206,1889,153,'LED вспышка'),(2207,1890,153,'802.11 a/b/g/n/ac Dual Band'),(2208,1891,153,'Версия 4.2'),(2209,1892,153,'A-GPS, ГЛОНАСС'),(2210,1893,153,''),(2211,1894,153,'Lightning'),(2212,1895,153,'1960 мАч'),(2213,1896,153,'До 14 ч'),(2214,1913,153,'До 240 ч'),(2215,1897,153,''),(2216,1898,153,'Смартфон, наушники, кабель Lightning/USB, адаптер питания, документация'),(2217,1899,153,'Алюминий'),(2218,1900,153,'138,3 мм'),(2219,1901,153,'67,1 мм'),(2220,1902,153,'7,1 мм'),(2221,1903,153,'Черный'),(2222,1904,153,'1 год'),(2223,1905,153,'Китай'),(2224,1906,153,'Apple'),(2225,1874,154,'6,5\"'),(2226,1875,154,'2340x1080'),(2227,1876,154,'LTPS'),(2228,1878,154,'Corning Gorilla Glass 3'),(2229,1879,154,'LTE FDD/WCDMA/GSM'),(2230,1880,154,'2 слота для SIM-карт'),(2231,1881,154,'2 Nano-SIM'),(2232,1882,154,'Android 8.0 (Oreo)'),(2233,1883,154,'Kirin 710'),(2234,1884,154,'8 ядер'),(2235,1907,154,'2,2 ГГц + 1,7 ГГц'),(2236,1908,154,'Mali-G51 MP4'),(2237,1885,154,'4 ГБ'),(2238,1886,154,'64 ГБ'),(2239,1909,154,'microSD 400 ГБ'),(2240,1887,154,'20+2 Мп'),(2241,1910,154,'1920 x 1080 Full HD'),(2242,1888,154,'16 Мп'),(2243,1889,154,''),(2244,1890,154,'802.11 a/b/g/n/ac Dual Band'),(2245,1891,154,'Версия 4.2+BLE'),(2246,1892,154,'GPS, A-GPS, ГЛОНАСС, Beidou'),(2247,1893,154,''),(2248,1894,154,'microUSB'),(2249,1912,154,''),(2250,1895,154,'3750 мАч'),(2251,1896,154,'До 21 ч'),(2252,1913,154,'До 639 ч'),(2253,1898,154,'Смартфон, зарядное устройство, чехол, руководство по эксплуатации, гарантийный талон'),(2254,1899,154,'Стекло'),(2255,1900,154,'160,4 мм'),(2256,1901,154,'76,6 мм'),(2257,1902,154,'7,8 мм'),(2258,1903,154,'Синий'),(2259,1904,154,'1 год'),(2260,1905,154,'Китай'),(2261,1906,154,'Honor'),(2262,1874,155,'6,2\'\''),(2263,1875,155,'1520х720 HD+'),(2264,1876,155,'TFT'),(2265,1877,155,'16 млн'),(2266,1879,155,'2G GSM, 3G WCDMA, 4G LTE FDD, 4G LTE TDD'),(2267,1880,155,'2 слота для SIM-карт'),(2268,1881,155,'2 Nano-SIM'),(2269,1882,155,'Android 9.0'),(2270,1883,155,'Exynos 7884'),(2271,1884,155,'8 ядер'),(2272,1907,155,'1,6 ГГц+1,35 ГГц'),(2273,1908,155,'Mali G71'),(2274,1885,155,'2 ГБ'),(2275,1886,155,'32 ГБ'),(2276,1909,155,'microSD 512 ГБ'),(2277,1887,155,'13 Мп'),(2278,1910,155,'1920 x 1080 Full HD'),(2279,1888,155,'5 Мп'),(2280,1889,155,''),(2281,1890,155,'802.11 b/g/n'),(2282,1891,155,'Версия 5.0'),(2283,1892,155,'GPS + GLONASS, BEIDOU, GALILEO'),(2284,1894,155,'microUSB'),(2285,1912,155,''),(2286,1895,155,'3400 мАч'),(2287,1896,155,'До 21 часов'),(2288,1898,155,'Смартфон, зарядное устройство, руководство по эксплуатации, гарантийный талон'),(2289,1899,155,'Пластик'),(2290,1900,155,'155,6 мм'),(2291,1901,155,'75,6 мм'),(2292,1902,155,'7,9 мм'),(2293,1903,155,'Красный'),(2294,1904,155,'1 год'),(2295,1905,155,'Вьетнам'),(2296,1906,155,'Samsung'),(2297,1874,156,'5,45\"'),(2298,1875,156,'1440х720 HD+'),(2299,1876,156,'IPS'),(2300,1878,156,'Закаленное стекло'),(2301,1879,156,'2G, 3G, 4G'),(2302,1880,156,'2 слота для SIM-карт'),(2303,1881,156,'2 Nano-SIM'),(2304,1882,156,'Android 8.1 (Oreo)'),(2305,1883,156,'Helio A22'),(2306,1884,156,'4 ядра'),(2307,1907,156,'2 ГГц'),(2308,1908,156,'Power VR GE8320'),(2309,1885,156,'2 ГБ'),(2310,1886,156,'16 ГБ'),(2311,1909,156,'microSD 256 ГБ'),(2312,1887,156,'13 Мп'),(2313,1910,156,'1920 x 1080 Full HD'),(2314,1888,156,'5 Мп'),(2315,1889,156,''),(2316,1890,156,'802.11 b/g/n/ac'),(2317,1891,156,'Версия 4.2'),(2318,1892,156,'GPS, A-GPS, ГЛОНАСС'),(2319,1911,156,''),(2320,1894,156,'microUSB'),(2321,1912,156,''),(2322,1895,156,'3000 мАч'),(2323,1898,156,'Смартфон, зарядное устройство, кабель USB, документация, гарантийный талон'),(2324,1899,156,'Пластик'),(2325,1900,156,'147,5 мм'),(2326,1901,156,'71,5 мм'),(2327,1902,156,'8,3 мм'),(2328,1903,156,'Черный'),(2329,1904,156,'1 год'),(2330,1905,156,'Китай'),(2331,1906,156,'Xiaomi'),(2332,1874,157,'5,45\"'),(2333,1875,157,'1440х720 HD+'),(2334,1876,157,'TFT'),(2335,1878,157,'Закаленное стекло'),(2336,1879,157,'2G, 3G, 4G'),(2337,1880,157,'2 слота для SIM-карт'),(2338,1881,157,'2 Nano-SIM'),(2339,1882,157,'Android 8.1 (Oreo)'),(2340,1883,157,'Mediatek MT6739'),(2341,1884,157,'4 ядра'),(2342,1907,157,'1,5 ГГц'),(2343,1885,157,'2 ГБ'),(2344,1886,157,'16 ГБ'),(2345,1909,157,'microSD 256 ГБ'),(2346,1887,157,'13 Мп'),(2347,1888,157,'5 Мп'),(2348,1889,157,''),(2349,1890,157,'802.11 b/g/n'),(2350,1891,157,'Версия 4.2+BLE'),(2351,1892,157,'GPS, A-GPS, ГЛОНАСС'),(2352,1911,157,''),(2353,1894,157,'microUSB'),(2354,1912,157,''),(2355,1895,157,'3020 мАч'),(2356,1898,157,'Смартфон, зарядное устройство, руководство по эксплуатации, гарантийный талон'),(2357,1899,157,'Пластик'),(2358,1900,157,'146,5 мм'),(2359,1901,157,'70,9 мм'),(2360,1902,157,'8,3 мм'),(2361,1903,157,'Золотистый'),(2362,1904,157,'1 год'),(2363,1905,157,'Китай'),(2364,1906,157,'Honor'),(2365,1874,159,'6,26\"'),(2366,1875,159,'1520х720 HD+'),(2367,1876,159,'TFT'),(2368,1877,159,'16 млн'),(2369,1879,159,'2G, 3G, 4G(LTE)'),(2370,1880,159,'2 слота для SIM-карт'),(2371,1881,159,'Nano-SIM'),(2372,1882,159,'Android 9.0'),(2373,1883,159,'Qualcomm Snapdragon 429'),(2374,1884,159,'4 ядра'),(2375,1907,159,'2 ГГц'),(2376,1908,159,'Qualcomm Adreno 504'),(2377,1885,159,'2 ГБ'),(2378,1886,159,'16 ГБ'),(2379,1909,159,'microSD 400 ГБ'),(2380,1887,159,'13 Мп'),(2381,1888,159,'5 Мп'),(2382,1889,159,''),(2383,1890,159,'802.11 b/g/n'),(2384,1891,159,'Версия 4.2'),(2385,1892,159,'A-GPS + GPS + GLONASS, BEIDOU, GALILEO'),(2386,1911,159,''),(2387,1894,159,'microUSB'),(2388,1912,159,''),(2389,1895,159,'4000 мАч'),(2390,1896,159,'До 35 часов'),(2391,1913,159,'До 21 дня'),(2392,1898,159,'Смартфон, зарядное устройство, кабель USB, приспособление для извлечения SIM-карты, руководство по эксплуатации, гарантийный талон'),(2393,1899,159,'Пластик'),(2394,1900,159,'159,44 мм'),(2395,1901,159,'76,24 мм'),(2396,1902,159,'8,60 мм'),(2397,1903,159,'Черный'),(2398,1904,159,'1 год'),(2399,1905,159,'Китай'),(2400,1906,159,'Nokia'),(2401,1874,158,'6,1\'\''),(2402,1875,158,'1792х828'),(2403,1876,158,'Liquid Retina HD (IPS)'),(2404,1877,158,'16 млн'),(2405,1878,158,'Закаленное стекло'),(2406,1879,158,'2G, 3G, 4G'),(2407,1880,158,'1 слот для SIM-карты'),(2408,1881,158,'Nano-SIM'),(2409,1882,158,'Apple iOS'),(2410,1883,158,'A12 Bionic'),(2411,1884,158,'6 ядер'),(2412,1885,158,'3 ГБ'),(2413,1886,158,'64 ГБ'),(2414,1887,158,'12 Мп'),(2415,1888,158,'7 Мп'),(2416,1889,158,''),(2417,1890,158,'802.11 a/b/g/n/ac'),(2418,1891,158,'Версия 5.0'),(2419,1892,158,'A-GPS, ГЛОНАСС, GALILEO, QZSS'),(2420,1893,158,''),(2421,1894,158,'Lightning'),(2422,1895,158,'2942 мАч'),(2423,1896,158,'До 25 часов'),(2424,1897,158,''),(2425,1898,158,'Смартфон, наушники EarPods с разъёмом Lightning, кабель Lightning/USB, адаптер питания USB, документация'),(2426,1899,158,'Металл, стекло'),(2427,1900,158,'150,9 мм'),(2428,1901,158,'75,7 мм'),(2429,1902,158,'8,3 мм'),(2430,1903,158,'Красный'),(2431,1904,158,'1 год'),(2432,1905,158,'Китай'),(2433,1906,158,'Apple'),(2434,1874,161,'6,4\'\''),(2435,1875,161,'2340x1080'),(2436,1876,161,'Super Amoled'),(2437,1878,161,'Corning Gorilla Glass'),(2438,1879,161,'2G, 3G, 4G (LTE)'),(2439,1880,161,'2 слота для SIM-карт'),(2440,1881,161,'2 Nano-SIM'),(2441,1882,161,'Android 9.0'),(2442,1883,161,'Exynos 9610'),(2443,1884,161,'8 ядер'),(2444,1907,161,'2,3 ГГц+1,7 ГГц'),(2445,1908,161,'Mali-G72 MP3'),(2446,1885,161,'4 ГБ'),(2447,1886,161,'64 ГБ'),(2448,1909,161,'microSD 512 ГБ'),(2449,1887,161,'25+5+8 Мп'),(2450,1910,161,'1920 x 1080 Full HD'),(2451,1888,161,'25 Мп'),(2452,1889,161,''),(2453,1890,161,'802.11 a/b/g/n/ac'),(2454,1891,161,'Версия 5.0'),(2455,1892,161,'GPS, A-GPS, ГЛОНАСС'),(2456,1911,161,''),(2457,1893,161,''),(2458,1894,161,'USB Type-C'),(2459,1912,161,''),(2460,1895,161,'4000 мАч'),(2461,1896,161,'До 23 ч'),(2462,1898,161,'Смартфон, зарядное устройство, наушники, руководство по эксплуатации, гарантийный талон'),(2463,1899,161,'Пластик'),(2464,1900,161,'158,5 мм'),(2465,1901,161,'74,7 мм'),(2466,1902,161,'7,7 мм'),(2467,1903,161,'Белый'),(2468,1904,161,'1 год'),(2469,1905,161,'Вьетнам'),(2470,1906,161,'Samsung'),(2471,1874,160,'6,4\'\''),(2472,1875,160,'2340x1080'),(2473,1876,160,'Super Amoled'),(2474,1877,160,'16 млн'),(2475,1878,160,'Corning Gorilla Glass'),(2476,1879,160,'2G, 3G, 4G (LTE)'),(2477,1880,160,'2 слота для SIM-карт'),(2478,1881,160,'2 Nano-SIM'),(2479,1882,160,'Android 9.0'),(2480,1883,160,'Exynos 7904'),(2481,1884,160,'8 ядер'),(2482,1907,160,'1,8 ГГц+1,6 ГГц'),(2483,1908,160,'Mali-G71 MP2'),(2484,1885,160,'3 ГБ'),(2485,1886,160,'32 ГБ'),(2486,1909,160,'microSD 512 ГБ'),(2487,1887,160,'16+5 Мп'),(2488,1910,160,'1920 x 1080 Full HD'),(2489,1888,160,'16 Мп'),(2490,1889,160,''),(2491,1890,160,'802.11 a/b/g/n/ac'),(2492,1891,160,'Версия 5.0'),(2493,1892,160,'GPS + GLONASS, BEIDOU, GALILEO'),(2494,1893,160,''),(2495,1894,160,'USB Type-C'),(2496,1912,160,''),(2497,1895,160,'4000 мАч'),(2498,1896,160,'До 23 ч'),(2499,1898,160,'Смартфон, зарядное устройство, кабель USB Type-C, документация, гарантийный талон'),(2500,1899,160,'Пластик'),(2501,1900,160,'158,5 мм'),(2502,1901,160,'74,7 мм'),(2503,1902,160,'7,7 мм'),(2504,1903,160,'Красный'),(2505,1904,160,'1 год'),(2506,1905,160,'Китай'),(2507,1906,160,'Samsung'),(2508,1874,164,'6,3\'\''),(2509,1875,164,'2340x1080'),(2510,1876,164,'PLS'),(2511,1879,164,'2G (EDGE), 3G (WCDMA/UMTS), 4G (LTE)'),(2512,1880,164,'2 слота для SIM-карт'),(2513,1881,164,'2 Nano-SIM'),(2514,1882,164,'Android 8.1 (Oreo)'),(2515,1883,164,'Exynos 7904'),(2516,1884,164,'8 ядер'),(2517,1907,164,'1,8 ГГц+1,6 ГГц'),(2518,1908,164,'Mali-G71 MP2'),(2519,1885,164,'4 ГБ'),(2520,1886,164,'64 ГБ'),(2521,1909,164,'microSD 512 ГБ'),(2522,1887,164,'13+5 Мп'),(2523,1910,164,'1920 x 1080 Full HD'),(2524,1888,164,'8 Мп'),(2525,1889,164,''),(2526,1890,164,'802.11 b/g/n'),(2527,1891,164,'Версия 5.0'),(2528,1892,164,'A-GPS, ГЛОНАСС, BDS'),(2529,1911,164,''),(2530,1893,164,''),(2531,1894,164,'USB Type-C'),(2532,1912,164,''),(2533,1895,164,'5000 мАч'),(2534,1898,164,'Смартфон, руководство по эксплуатации, гарантийный талон'),(2535,1899,164,'Пластик'),(2536,1900,164,'156,4 мм'),(2537,1901,164,'74,5 мм'),(2538,1902,164,'8,8 мм'),(2539,1903,164,'Синий'),(2540,1904,164,'1 год'),(2541,1905,164,'Китай'),(2542,1906,164,'Samsung'),(2543,1874,163,'6,4\'\''),(2544,1875,163,'2340x1080'),(2545,1876,163,'Super Amoled'),(2546,1877,163,'16 млн'),(2547,1878,163,'Corning Gorilla Glass'),(2548,1879,163,'2G, 3G, 4G (LTE)'),(2549,1880,163,'2 слота для SIM-карт'),(2550,1881,163,'2 Nano-SIM'),(2551,1882,163,'Android 9.0'),(2552,1883,163,'Exynos 7904'),(2553,1884,163,'8 ядер'),(2554,1907,163,'1,8 ГГц+1,6 ГГц'),(2555,1908,163,'Mali-G71 MP2'),(2556,1885,163,'3 ГБ'),(2557,1886,163,'32 ГБ'),(2558,1909,163,'microSD 512 ГБ'),(2559,1887,163,'16+5 Мп'),(2560,1910,163,'1920 x 1080 Full HD'),(2561,1888,163,'16 Мп'),(2562,1889,163,''),(2563,1890,163,'802.11 a/b/g/n/ac'),(2564,1891,163,'Версия 5.0'),(2565,1892,163,'GPS + GLONASS, BEIDOU, GALILEO'),(2566,1911,163,''),(2567,1893,163,''),(2568,1894,163,'USB Type-C'),(2569,1912,163,''),(2570,1895,163,'4000 мАч'),(2571,1896,163,'До 23 ч'),(2572,1898,163,'Смартфон, зарядное устройство, кабель USB Type-C, документация, гарантийный талон'),(2573,1899,163,'Пластик'),(2574,1900,163,'158,5 мм'),(2575,1901,163,'74,7 мм'),(2576,1902,163,'7,7 мм'),(2577,1903,163,'Синий'),(2578,1904,163,'1 год'),(2579,1905,163,'Китай'),(2580,1906,163,'Samsung'),(2581,1874,165,'6,5\"'),(2582,1875,165,'2340x1080'),(2583,1876,165,'LTPS'),(2584,1877,165,'16 млн'),(2585,1879,165,'LTE FDD/WCDMA/GSM'),(2586,1880,165,'2 слота для SIM-карт'),(2587,1881,165,'2 Nano-SIM'),(2588,1882,165,'Android 8.0 (Oreo)'),(2589,1883,165,'Kirin 710'),(2590,1884,165,'8 ядер'),(2591,1907,165,'2,2 ГГц + 1,7 ГГц'),(2592,1908,165,'Mali-G51 MP4'),(2593,1885,165,'4 ГБ'),(2594,1886,165,'64 ГБ'),(2595,1909,165,'microSD 400 ГБ'),(2596,1887,165,'20+2 Мп'),(2597,1910,165,'1920 x 1080 Full HD'),(2598,1888,165,'16 Мп'),(2599,1889,165,''),(2600,1890,165,'802.11 a/b/g/n/ac Dual Band'),(2601,1891,165,'Версия 4.2+BLE'),(2602,1892,165,'GPS, A-GPS, ГЛОНАСС, Beidou'),(2603,1893,165,''),(2604,1894,165,'microUSB'),(2605,1912,165,''),(2606,1895,165,'3750 мАч'),(2607,1896,165,'До 21 ч'),(2608,1913,165,'До 639 ч'),(2609,1898,165,'Смартфон, зарядное устройство, чехол, руководство по эксплуатации, гарантийный талон'),(2610,1899,165,'Стекло'),(2611,1900,165,'160,4 мм'),(2612,1901,165,'76,6 мм'),(2613,1902,165,'7,8 мм'),(2614,1903,165,'Синий'),(2615,1904,165,'1 год'),(2616,1905,165,'Китай'),(2617,1906,165,'Honor'),(2618,1874,166,'6,3\'\''),(2619,1875,166,'2340x1080'),(2620,1876,166,'IPS'),(2621,1878,166,'Corning Gorilla Glass 5'),(2622,1879,166,'2G, 3G, 4G'),(2623,1880,166,'2 слота для SIM-карт'),(2624,1881,166,'2 Nano-SIM (или Nano-SIM+карта памяти)'),(2625,1882,166,'Android 9.0'),(2626,1883,166,'Qualcomm Snapdragon 660'),(2627,1884,166,'8 ядер'),(2628,1907,166,'2,2 ГГц'),(2629,1908,166,'Adreno 512'),(2630,1885,166,'4 ГБ'),(2631,1886,166,'64 ГБ'),(2632,1909,166,'microSD 256 ГБ'),(2633,1887,166,'48+5 Мп'),(2634,1910,166,'1920 x 1080 Full HD'),(2635,1888,166,'13 Мп'),(2636,1889,166,''),(2637,1890,166,'802.11 ac'),(2638,1891,166,'Версия 5.0'),(2639,1892,166,'A-GPS, GPS'),(2640,1894,166,'USB Type-C'),(2641,1912,166,''),(2642,1895,166,'4000 мАч'),(2643,1898,166,'Смартфон, зарядное устройство, кабель USB Type-C, документация, гарантийный талон'),(2644,1899,166,'Пластик, металл'),(2645,1900,166,'159,21 мм'),(2646,1901,166,'75,21 мм'),(2647,1902,166,'8,1 мм'),(2648,1903,166,'Синий'),(2649,1904,166,'1 год'),(2650,1905,166,'Китай'),(2651,1906,166,'Xiaomi'),(2652,1874,168,'6,09\'\''),(2653,1875,168,'1560х720'),(2654,1876,168,'LTPS'),(2655,1877,168,'16 млн'),(2656,1879,168,'LTE FDD / WCDMA / GSM'),(2657,1880,168,'2 слота для SIM-карт'),(2658,1881,168,'2 Nano-SIM'),(2659,1882,168,'Android 9.0'),(2660,1883,168,'MTK MT6761'),(2661,1884,168,'4 ядра'),(2662,1907,168,'2 ГГц'),(2663,1908,168,'IMG PowerVR GE8320'),(2664,1885,168,'2 ГБ'),(2665,1886,168,'32 ГБ'),(2666,1909,168,'microSD 512 ГБ'),(2667,1887,168,'13 Мп'),(2668,1910,168,'1920 x 1080 Full HD'),(2669,1888,168,'8 Мп'),(2670,1889,168,''),(2671,1890,168,'802.11 b/g/n'),(2672,1891,168,'Версия 4.2'),(2673,1892,168,'GPS, A-GPS, ГЛОНАСС, Beidou'),(2674,1911,168,''),(2675,1894,168,'microUSB'),(2676,1912,168,''),(2677,1895,168,'3020 мАч'),(2678,1898,168,'Смартфон, зарядное устройство, USB-кабель, краткое руководство пользователя, устройство для извлечения карт, защитная пленка на задней панели, защитная пленка для экрана'),(2679,1899,168,'Пластик'),(2680,1900,168,'156,28 мм'),(2681,1901,168,'73,50 мм'),(2682,1902,168,'8 мм'),(2683,1903,168,'Черный'),(2684,1904,168,'1 год'),(2685,1905,168,'Китай'),(2686,1906,168,'Huawei'),(2687,1874,162,'5,8\'\''),(2688,1875,162,'2244х1080'),(2689,1876,162,'IPS'),(2690,1878,162,'Corning Gorilla Glass 5'),(2691,1879,162,'GPRS, EDGE, WCDMA, LTE'),(2692,1880,162,'2 слота для SIM-карт'),(2693,1881,162,'Nano-SIM'),(2694,1882,162,'Android 8.1 (Oreo)'),(2695,1883,162,'Kirin 970'),(2696,1884,162,'4+4 ядра'),(2697,1907,162,'2,4 ГГц+1,8 ГГц'),(2698,1908,162,'Mali-G72MP12'),(2699,1885,162,'4 ГБ'),(2700,1886,162,'64 ГБ'),(2701,1887,162,'20+12 Мп'),(2702,1888,162,'24 Мп'),(2703,1889,162,''),(2704,1890,162,'802.11 ac'),(2705,1891,162,'Версия 4.2'),(2706,1892,162,'GPS, A-GPS, ГЛОНАСС'),(2707,1893,162,''),(2708,1894,162,'USB Type-C'),(2709,1895,162,'3400 мАч'),(2710,1898,162,'Смартфон, наушники USB-C, зарядное устройство, кабель USB-C, адаптер \"USB-C - разъем для наушников 3.5 мм\" адаптер с разъемом для наушников, гибкий прозрачный чехол, краткое руководство пользователя, инструмент для извлечения SIM-карты, гарантийный талон'),(2711,1899,162,'Металл, стекло'),(2712,1900,162,'149,1 мм'),(2713,1901,162,'70,8 мм'),(2714,1902,162,'7,65 мм'),(2715,1903,162,'Пурпурный'),(2716,1904,162,'1 год'),(2717,1905,162,'Китай'),(2718,1906,162,'Huawei'),(2719,1874,167,'5,45\"'),(2720,1875,167,'1440х720 HD+'),(2721,1876,167,'IPS'),(2722,1878,167,'Закаленное стекло'),(2723,1879,167,'2G, 3G, 4G'),(2724,1880,167,'2 слота для SIM-карт'),(2725,1881,167,'2 Nano-SIM'),(2726,1882,167,'Android 8.1 (Oreo)'),(2727,1883,167,'Helio A22'),(2728,1884,167,'4 ядра'),(2729,1907,167,'2 ГГц'),(2730,1908,167,'Power VR GE8320'),(2731,1885,167,'2 ГБ'),(2732,1886,167,'16 ГБ'),(2733,1909,167,'microSD 256 ГБ'),(2734,1887,167,'13 Мп'),(2735,1910,167,'1920 x 1080 Full HD'),(2736,1888,167,'5 Мп'),(2737,1889,167,''),(2738,1890,167,'802.11 b/g/n/ac'),(2739,1891,167,'Версия 4.2'),(2740,1892,167,'GPS, A-GPS, ГЛОНАСС'),(2741,1911,167,''),(2742,1894,167,'microUSB'),(2743,1912,167,''),(2744,1895,167,'3000 мАч'),(2745,1898,167,'Смартфон, зарядное устройство, кабель USB, документация, гарантийный талон'),(2746,1899,167,'Пластик'),(2747,1900,167,'147,5 мм'),(2748,1901,167,'71,5 мм'),(2749,1902,167,'8,3 мм'),(2750,1903,167,'Золотистый'),(2751,1904,167,'1 год'),(2752,1905,167,'Китай'),(2753,1906,167,'Xiaomi'),(2754,1874,170,'6,5\'\''),(2755,1875,170,'2688x1242'),(2756,1876,170,'Super Retina HD (OLED)'),(2757,1877,170,'16 млн'),(2758,1878,170,'Закаленное стекло'),(2759,1879,170,'GSM, 3G (WCDMA/UMTS), 2G (EDGE), 4G (LTE)'),(2760,1880,170,'1 слот для SIM-карты'),(2761,1881,170,'Nano-SIM'),(2762,1882,170,'Apple iOS'),(2763,1883,170,'A12 Bionic'),(2764,1884,170,'6 ядер'),(2765,1885,170,'4 ГБ'),(2766,1886,170,'64 ГБ'),(2767,1887,170,'12+12 Мп'),(2768,1910,170,'3840 x 2160 Ultra HD'),(2769,1888,170,'7 Мп'),(2770,1889,170,''),(2771,1890,170,'802.11 a/b/g/n/ac'),(2772,1891,170,'Версия 5.0'),(2773,1892,170,'A-GPS, ГЛОНАСС, GALILEO, QZSS'),(2774,1893,170,''),(2775,1894,170,'Lightning'),(2776,1895,170,'3174 мАч'),(2777,1896,170,'До 25 ч'),(2778,1897,170,''),(2779,1898,170,'Смартфон, адаптер питания, кабель Lightning to USB, наушники'),(2780,1899,170,'Металл, стекло'),(2781,1900,170,'157,5 мм'),(2782,1901,170,'77,4 мм'),(2783,1902,170,'7,7 мм'),(2784,2,170,'208 г'),(2785,1903,170,'Золотистый'),(2786,1904,170,'1 год'),(2787,1905,170,'Китай'),(2788,1906,170,'Apple');
/*!40000 ALTER TABLE `attribute_value` ENABLE KEYS */;
UNLOCK TABLES;

--
-- Table structure for table `categories`
--

DROP TABLE IF EXISTS `categories`;
/*!40101 SET @saved_cs_client     = @@character_set_client */;
/*!40101 SET character_set_client = utf8 */;
CREATE TABLE `categories` (
  `id` int(11) NOT NULL AUTO_INCREMENT,
  `name` varchar(255) CHARACTER SET utf8mb4 COLLATE utf8mb4_unicode_ci NOT NULL,
  `parent_id` int(11) DEFAULT NULL,
  `comfy_id` int(11) DEFAULT NULL,
  PRIMARY KEY (`id`),
  KEY `IDX_3AF34668727ACA70` (`parent_id`),
  CONSTRAINT `FK_3AF34668727ACA70` FOREIGN KEY (`parent_id`) REFERENCES `categories` (`id`)
) ENGINE=InnoDB AUTO_INCREMENT=3213 DEFAULT CHARSET=utf8mb4 COLLATE=utf8mb4_unicode_ci;
/*!40101 SET character_set_client = @saved_cs_client */;

--
-- Dumping data for table `categories`
--

LOCK TABLES `categories` WRITE;
/*!40000 ALTER TABLE `categories` DISABLE KEYS */;
INSERT INTO `categories` VALUES (1,'Бытовая техника 5454',NULL,NULL),(2,'Ноутбуки 2',NULL,NULL),(3,'Еще категория',2,NULL),(4,'Смартфоны',NULL,NULL);
/*!40000 ALTER TABLE `categories` ENABLE KEYS */;
UNLOCK TABLES;

--
-- Table structure for table `migration_versions`
--

DROP TABLE IF EXISTS `migration_versions`;
/*!40101 SET @saved_cs_client     = @@character_set_client */;
/*!40101 SET character_set_client = utf8 */;
CREATE TABLE `migration_versions` (
  `version` varchar(14) CHARACTER SET utf8mb4 COLLATE utf8mb4_unicode_ci NOT NULL,
  `executed_at` datetime NOT NULL COMMENT '(DC2Type:datetime_immutable)',
  PRIMARY KEY (`version`)
) ENGINE=InnoDB DEFAULT CHARSET=utf8mb4 COLLATE=utf8mb4_unicode_ci;
/*!40101 SET character_set_client = @saved_cs_client */;

--
-- Dumping data for table `migration_versions`
--

LOCK TABLES `migration_versions` WRITE;
/*!40000 ALTER TABLE `migration_versions` DISABLE KEYS */;
/*!40000 ALTER TABLE `migration_versions` ENABLE KEYS */;
UNLOCK TABLES;

--
-- Table structure for table `order_items`
--

DROP TABLE IF EXISTS `order_items`;
/*!40101 SET @saved_cs_client     = @@character_set_client */;
/*!40101 SET character_set_client = utf8 */;
CREATE TABLE `order_items` (
  `id` int(11) NOT NULL AUTO_INCREMENT,
  `cart_id` int(11) NOT NULL,
  `product_id` int(11) NOT NULL,
  `name` varchar(255) CHARACTER SET utf8mb4 COLLATE utf8mb4_unicode_ci NOT NULL,
  `price` int(11) NOT NULL,
  `count` int(11) NOT NULL,
  PRIMARY KEY (`id`),
  KEY `IDX_62809DB01AD5CDBF` (`cart_id`),
  KEY `IDX_62809DB04584665A` (`product_id`),
  CONSTRAINT `FK_62809DB01AD5CDBF` FOREIGN KEY (`cart_id`) REFERENCES `orders` (`id`),
  CONSTRAINT `FK_62809DB04584665A` FOREIGN KEY (`product_id`) REFERENCES `products` (`id`)
) ENGINE=InnoDB AUTO_INCREMENT=25 DEFAULT CHARSET=utf8mb4 COLLATE=utf8mb4_unicode_ci;
/*!40101 SET character_set_client = @saved_cs_client */;

--
-- Dumping data for table `order_items`
--

LOCK TABLES `order_items` WRITE;
/*!40000 ALTER TABLE `order_items` DISABLE KEYS */;
INSERT INTO `order_items` VALUES (1,1,4,'test',24234,1),(2,1,2,'Мышь',10000,1),(3,2,2,'Мышь',10000,11),(4,2,1,'Ноутбук',1500000,7),(5,2,3,'Телевизор',800000,2),(6,2,4,'test',24234,2),(9,4,1,'Ноутбук',1500000,1),(10,4,3,'Телевизор',800000,1),(12,3,2,'Мышь',10000,1),(13,3,1,'Ноутбук',1500000,1),(14,5,1,'Ноутбук',1500000,1),(15,5,3,'Телевизор',800000,1),(16,6,1,'Ноутбук',1500000,1),(17,6,3,'Телевизор',800000,1),(18,7,1,'Ноутбук',1500000,1),(19,7,4,'test',24200,1),(20,9,3,'Телевизор',800000,1),(21,9,1,'Ноутбук',1500000,1),(22,9,2,'Мышь',10000,1),(23,11,2,'Мышь',10000,1),(24,12,2,'Мышь',10000,1);
/*!40000 ALTER TABLE `order_items` ENABLE KEYS */;
UNLOCK TABLES;

--
-- Table structure for table `orders`
--

DROP TABLE IF EXISTS `orders`;
/*!40101 SET @saved_cs_client     = @@character_set_client */;
/*!40101 SET character_set_client = utf8 */;
CREATE TABLE `orders` (
  `id` int(11) NOT NULL AUTO_INCREMENT,
  `ordered_at` datetime DEFAULT NULL,
  `amount` int(11) NOT NULL DEFAULT '0',
  `count` int(11) NOT NULL DEFAULT '0',
  `user_id` int(11) DEFAULT NULL,
  `first_name` varchar(255) CHARACTER SET utf8mb4 COLLATE utf8mb4_unicode_ci DEFAULT NULL,
  `last_name` varchar(255) CHARACTER SET utf8mb4 COLLATE utf8mb4_unicode_ci DEFAULT NULL,
  `email` varchar(180) CHARACTER SET utf8mb4 COLLATE utf8mb4_unicode_ci DEFAULT NULL,
  `address` varchar(1000) CHARACTER SET utf8mb4 COLLATE utf8mb4_unicode_ci DEFAULT NULL,
  PRIMARY KEY (`id`),
  KEY `IDX_E52FFDEEA76ED395` (`user_id`),
  CONSTRAINT `FK_E52FFDEEA76ED395` FOREIGN KEY (`user_id`) REFERENCES `users` (`id`)
) ENGINE=InnoDB AUTO_INCREMENT=13 DEFAULT CHARSET=utf8mb4 COLLATE=utf8mb4_unicode_ci;
/*!40101 SET character_set_client = @saved_cs_client */;

--
-- Dumping data for table `orders`
--

LOCK TABLES `orders` WRITE;
/*!40000 ALTER TABLE `orders` DISABLE KEYS */;
INSERT INTO `orders` VALUES (1,NULL,34234,2,NULL,NULL,NULL,'',NULL),(2,NULL,12258468,22,NULL,NULL,NULL,'',NULL),(3,NULL,1510000,2,NULL,NULL,NULL,'',NULL),(4,NULL,2300000,2,NULL,NULL,NULL,'',NULL),(5,NULL,2300000,2,1,'Admin','Site','admin@shop.com',NULL),(6,'2019-08-07 20:28:00',2300000,2,1,'Admin','Site','admin@shop.com','вап ывап ывап ывап'),(7,'2019-08-07 21:00:00',1524200,2,1,'Admin','Site','admin@shop.com','dfg dfg dfhgj r fg fhg'),(8,'2019-08-07 21:00:42',0,0,NULL,'Admin','Site','admin@shop.com','dfg dfg dfhgj r fg fhg'),(9,'2019-08-07 21:01:07',2310000,3,1,'Admin','Site','admin@shop.com','sdfg sdfg sdfg'),(10,'2019-08-07 21:01:08',0,0,NULL,'Admin','Site','admin@shop.com','sdfg sdfg sdfg'),(11,'2019-08-07 21:02:07',10000,1,1,'Admin','Site','admin@shop.com','dhhfdhdgh'),(12,NULL,10000,1,NULL,NULL,NULL,NULL,NULL);
/*!40000 ALTER TABLE `orders` ENABLE KEYS */;
UNLOCK TABLES;

--
-- Table structure for table `product_category`
--

DROP TABLE IF EXISTS `product_category`;
/*!40101 SET @saved_cs_client     = @@character_set_client */;
/*!40101 SET character_set_client = utf8 */;
CREATE TABLE `product_category` (
  `product_id` int(11) NOT NULL,
  `category_id` int(11) NOT NULL,
  PRIMARY KEY (`product_id`,`category_id`),
  KEY `IDX_CDFC73564584665A` (`product_id`),
  KEY `IDX_CDFC735612469DE2` (`category_id`),
  CONSTRAINT `FK_CDFC735612469DE2` FOREIGN KEY (`category_id`) REFERENCES `categories` (`id`) ON DELETE CASCADE,
  CONSTRAINT `FK_CDFC73564584665A` FOREIGN KEY (`product_id`) REFERENCES `products` (`id`) ON DELETE CASCADE
) ENGINE=InnoDB DEFAULT CHARSET=utf8mb4 COLLATE=utf8mb4_unicode_ci;
/*!40101 SET character_set_client = @saved_cs_client */;

--
-- Dumping data for table `product_category`
--

LOCK TABLES `product_category` WRITE;
/*!40000 ALTER TABLE `product_category` DISABLE KEYS */;
INSERT INTO `product_category` VALUES (1,4),(2,4),(3,4),(4,4),(149,4),(150,4),(151,4),(152,4),(153,4),(154,4),(155,4),(156,4),(157,4),(158,4),(159,4),(160,4),(161,4),(162,4),(163,4),(164,4),(165,4),(166,4),(167,4),(168,4),(169,4),(170,4),(171,4),(172,4),(173,4),(174,4),(175,4),(176,4),(177,4),(178,4),(179,4),(180,4),(181,4),(182,4),(183,4),(184,4),(185,4),(186,4),(187,4),(188,4),(189,4),(190,4),(191,4),(192,4),(193,4),(194,4),(195,4),(196,4),(200,4),(201,4),(202,4);
/*!40000 ALTER TABLE `product_category` ENABLE KEYS */;
UNLOCK TABLES;

--
-- Table structure for table `product_images`
--

DROP TABLE IF EXISTS `product_images`;
/*!40101 SET @saved_cs_client     = @@character_set_client */;
/*!40101 SET character_set_client = utf8 */;
CREATE TABLE `product_images` (
  `id` int(11) NOT NULL AUTO_INCREMENT,
  `product_id` int(11) NOT NULL,
  `file_name` varchar(255) CHARACTER SET utf8mb4 COLLATE utf8mb4_unicode_ci NOT NULL,
  `original_file_name` varchar(255) CHARACTER SET utf8mb4 COLLATE utf8mb4_unicode_ci NOT NULL,
  `mime_type` varchar(255) CHARACTER SET utf8mb4 COLLATE utf8mb4_unicode_ci NOT NULL,
  PRIMARY KEY (`id`),
  KEY `IDX_8263FFCE4584665A` (`product_id`),
  CONSTRAINT `FK_64617F034584665A` FOREIGN KEY (`product_id`) REFERENCES `products` (`id`)
) ENGINE=InnoDB AUTO_INCREMENT=62 DEFAULT CHARSET=utf8mb4 COLLATE=utf8mb4_unicode_ci;
/*!40101 SET character_set_client = @saved_cs_client */;

--
-- Dumping data for table `product_images`
--

LOCK TABLES `product_images` WRITE;
/*!40000 ALTER TABLE `product_images` DISABLE KEYS */;
INSERT INTO `product_images` VALUES (5,1,'xiaomi-mi-nb-pro-main.jpg','xiaomi-mi-nb-pro-main.jpg','image/jpeg'),(6,2,'full_msg-867-black_1.jpg','full_msg-867-black_1.jpg','image/jpeg'),(7,3,'morsh-5d2f5ca33bca1857851463.jpeg','morsh.jpeg','image/jpeg'),(8,149,'apple-iphone-xr-black-07-2-5d6d51759c303080678418.jpg','apple_iphone_xr_black_07_2.jpg','image/jpeg'),(9,150,'a50-448x448-black-5d6d5175aa99a645846786.jpg','a50_448x448_black.jpg','image/jpeg'),(10,151,'p-smart-z-green-11-1-5d6d5175beb11668468103.jpg','p_smart_z_green_11_1.jpg','image/jpeg'),(11,152,'xiaomi-redmi-note-7-464gb-space-black-0-5d6d5175cf7e6752150149.jpg','xiaomi_redmi_note_7_464gb_space_black_0.jpg','image/jpeg'),(12,153,'apple-iphone-7-32gb-black-5d6d5175dc6cd676272043.jpg','apple_iphone_7_32gb_black.jpg','image/jpeg'),(13,154,'8x-pahntom-blue-5d6d5175eecb9011524600.jpg','8x_pahntom_blue.jpg','image/jpeg'),(14,155,'a10-gallery-red1-5d6d517609e0b128952982.jpg','a10_gallery_red1.jpg','image/jpeg'),(15,156,'40248285023-1-5d6d51761c748304483145.jpg','40248285023_1.jpg','image/jpeg'),(16,157,'7a-gold-5d6d51762ccc1608646574.jpg','7a_gold.jpg','image/jpeg'),(17,158,'apple-iphone-xr-red-08-1-5d6d51763f59c763245196.jpg','apple_iphone_xr_red_08_1.jpg','image/jpeg'),(18,159,'nokia-3-2-2-16gb-black-02-5d6d51764ddb5901990444.jpg','nokia_3.2_2_16gb_black_02.jpg','image/jpeg'),(19,160,'samsung-a305-galaxy-a30-332gb-red-0-5d6d51765bd45847920069.jpg','samsung_a305_galaxy_a30_332gb_red_0.jpg','image/jpeg'),(20,161,'a50-448x448-white-5d6d51766964b090903251.jpg','a50_448x448_white.jpg','image/jpeg'),(21,162,'p20-twilight-air-balloon-5d6d5176769c9318956212.jpg','p20__twilight_air_balloon.jpg','image/jpeg'),(22,163,'a30-448x448-blue-5d6d5176887b5683656178.jpg','a30_448x448_blue.jpg','image/jpeg'),(23,164,'samsung-m205-galaxy-m20-4-64gb-ocean-blue-06-5d6d5176967db721927446.jpg','samsung_m205_galaxy_m20_4_64gb_ocean_blue_06.jpg','image/jpeg'),(24,165,'johnson-blue-5d6d5176ad55b894573357.jpg','johnson_blue.jpg','image/jpeg'),(25,166,'xiaomi-redmi-note-7-464gb-neptune-blue-0-5d6d5176bd4e7549213104.jpg','xiaomi_redmi_note_7_464gb_neptune_blue_0.jpg','image/jpeg'),(26,167,'xiaomi-redmi-6a-216-gold-0-5d6d5176cbc38897996451.jpg','xiaomi_redmi_6a_216_gold_0.jpg','image/jpeg'),(27,168,'huawei-y6-2019-black-07-5d6d5176dde2b999532360.jpg','huawei_y6_2019_black_07.jpg','image/jpeg'),(28,169,'a30-448x448-black-5d6d5176ef010351026099.jpg','a30_448x448_black.jpg','image/jpeg'),(29,170,'apple-iphone-xs-max-gold-07-2-5d6d517711466631512609.jpg','apple_iphone_xs_max_gold_07_2.jpg','image/jpeg'),(30,171,'apple-iphone-xs-gold-06-2-5d6d517728a2d969650562.jpg','apple_iphone_xs_gold_06_2.jpg','image/jpeg'),(31,172,'apple-iphone-7-plus-256gb-black-6-5d6d5177395eb013959400.jpg','apple_iphone_7_plus_256gb_black_6.jpg','image/jpeg'),(32,173,'7a-black-5d6d517749a4d875579291.jpg','7a_black.jpg','image/jpeg'),(33,174,'apple-iphone-xs-space-grey-06-2-5d6d51775c3f2375730267.jpg','apple_iphone_xs_space_grey_06_2.jpg','image/jpeg'),(34,175,'apple-iphone-xs-max-gold-07-1-5d6d517771751668447821.jpg','apple_iphone_xs_max_gold_07_1.jpg','image/jpeg'),(35,176,'johnson-black-5d6d517786665589537869.jpg','johnson_black.jpg','image/jpeg'),(36,177,'johnson-red-5d6d5177982de958774383.jpg','johnson_red.jpg','image/jpeg'),(37,178,'huawei-y6-2019-blue-08-5d6d5177a550a653393811.jpg','huawei_y6_2019_blue_08.jpg','image/jpeg'),(38,179,'a30-448x448-white-5d6d5177b4183859063192.jpg','a30_448x448_white.jpg','image/jpeg'),(39,180,'a50-448x448-white-1-5d6d5177c3aa6321590208.jpg','a50_448x448_white_1.jpg','image/jpeg'),(40,181,'a50-448x448-black-1-5d6d5177d0b14203581014.jpg','a50_448x448_black_1.jpg','image/jpeg'),(41,182,'xiaomi-redmi-note-7-464gb-space-black-0-1-5d6d5177e0368181044970.jpg','xiaomi_redmi_note_7_464gb_space_black_0_1.jpg','image/jpeg'),(42,183,'xiaomi-redmi-note-7-464gb-neptune-blue-0-1-5d6d5177edaa1509846110.jpg','xiaomi_redmi_note_7_464gb_neptune_blue_0_1.jpg','image/jpeg'),(43,184,'xiaomi-redmi-note-7-464gb-neptune-blue-0-2-5d6d51780cb61252069003.jpg','xiaomi_redmi_note_7_464gb_neptune_blue_0_2.jpg','image/jpeg'),(44,185,'xiaomi-redmi-note-7-464gb-nebula-red-0-1-5d6d51781e976379793559.jpg','xiaomi_redmi_note_7_464gb_nebula_red_0_1.jpg','image/jpeg'),(45,186,'samsung-a105-galaxy-a10-232gb-black-01-5d6d517832ea6174610003.jpg','_samsung_a105_galaxy_a10_232gb_black_01.jpg','image/jpeg'),(46,187,'samsung-a105-galaxy-a10-232gb-blue-02-5d6d517849256852948148.jpg','samsung_a105_galaxy_a10_232gb_blue_02.jpg','image/jpeg'),(47,188,'10i-blue-5d6d51785c757925666848.jpg','10i_blue.jpg','image/jpeg'),(48,189,'samsung-a705-galaxy-a70-6128gb-black-0-5d6d51786e9e7149691570.jpg','samsung_a705_galaxy_a70_6128gb_black_0.jpg','image/jpeg'),(49,190,'xiaomi-redmi-7-216gb-eclipse-black-0-5d6d517883659812329752.jpg','xiaomi_redmi_7_216gb_eclipse_black_0.jpg','image/jpeg'),(50,191,'huawei-p30-lite-peacock-blue-0-5d6d517896d83797892727.jpg','huawei_p30_lite_peacock_blue_0.jpg','image/jpeg'),(51,192,'honor-20-6128gb-09-1-5d6d5178a5c1b470860299.jpg','honor_20_6128gb_09_1.jpg','image/jpeg'),(52,193,'p-smart-z-blue-11-5d6d5178b4c10000248285.jpg','p_smart_z_blue_11.jpg','image/jpeg'),(53,194,'xiaomi-redmi-7a-2-16gb-matte-blue-03-5d6d5178c2bc9160974795.jpg','xiaomi_redmi_7a_2_16gb_matte_blue_03.jpg','image/jpeg'),(54,195,'samsung-galaxy-note-10-12256gb-black-0-5d6d5178cef9c014736347.jpg','samsung_galaxy_note_10_12256gb_black_0.jpg','image/jpeg'),(55,196,'nokia-2-2-216gb-black-0-5d6d5178debf7817996983.jpg','nokia_2.2_216gb_black_0.jpg','image/jpeg'),(59,200,'a50-448x448-blue-5d6fee87d9204980254565.jpg','a50_448x448_blue.jpg','image/jpeg'),(60,201,'xiaomi-redmi-7-332gb-comet-blue-0-5d6fee892dc81742034614.jpg','xiaomi_redmi_7_332gb_comet_blue_0.jpg','image/jpeg'),(61,202,'xiaomi-redmi-7a-2-16gb-matte-black-01-1-5d6fee8b278d8311374508.jpg','xiaomi_redmi_7a_2_16gb_matte_black_01_1.jpg','image/jpeg');
/*!40000 ALTER TABLE `product_images` ENABLE KEYS */;
UNLOCK TABLES;

--
-- Table structure for table `products`
--

DROP TABLE IF EXISTS `products`;
/*!40101 SET @saved_cs_client     = @@character_set_client */;
/*!40101 SET character_set_client = utf8 */;
CREATE TABLE `products` (
  `id` int(11) NOT NULL AUTO_INCREMENT,
  `name` varchar(255) CHARACTER SET utf8mb4 COLLATE utf8mb4_unicode_ci NOT NULL,
  `price` int(11) DEFAULT NULL,
  `description` longtext CHARACTER SET utf8mb4 COLLATE utf8mb4_unicode_ci,
  `is_top` tinyint(1) NOT NULL DEFAULT '0',
  `comfy_id` int(11) DEFAULT NULL,
  PRIMARY KEY (`id`)
) ENGINE=InnoDB AUTO_INCREMENT=203 DEFAULT CHARSET=utf8mb4 COLLATE=utf8mb4_unicode_ci;
/*!40101 SET character_set_client = @saved_cs_client */;

--
-- Dumping data for table `products`
--

LOCK TABLES `products` WRITE;
/*!40000 ALTER TABLE `products` DISABLE KEYS */;
INSERT INTO `products` VALUES (1,'Ноутбук',1500000,'Удобный ноут для работы',1,NULL),(2,'Мышь',10000,NULL,1,NULL),(3,'Телевизор',800000,NULL,1,NULL),(4,'test',24234,'sdfgsdfg',1,NULL),(149,'Смартфон Apple iPhone XR 64Gb Black',2099900,'Смартфон Apple iPhone XR 64Gb Black',0,367813),(150,'Смартфон Samsung Galaxy A50 4/64Gb Black (SM-A505FZKU)',799900,'Смартфон Samsung Galaxy A50 4/64Gb Black (SM-A505FZKU)',0,534603),(151,'Смартфон Huawei P Smart Z Emerald Green',699900,'Смартфон Huawei P Smart Z Emerald Green',0,615383),(152,'Смартфон Xiaomi Redmi Note 7 4/64GB Space Black',599900,'Смартфон Xiaomi Redmi Note 7 4/64GB Space Black',0,543473),(153,'Смартфон Apple iPhone 7 32GB Black',1299900,'Смартфон Apple iPhone 7 32GB Black',0,64737),(154,'Смартфон Honor 8X 4/64Gb Phantome Blue',539900,'Смартфон Honor 8X 4/64Gb Phantome Blue',0,565253),(155,'Смартфон Samsung Galaxy A10 2/32Gb Red (SM-A105FZRG)',369900,'Смартфон Samsung Galaxy A10 2/32Gb Red (SM-A105FZRG)',0,551273),(156,'Смартфон Xiaomi Redmi 6A 2/16 Black',249900,'Смартфон Xiaomi Redmi 6A 2/16 Black',0,355483),(157,'Смартфон Honor 7A 2/16Gb Gold',229900,'Смартфон Honor 7A 2/16Gb Gold',0,298313),(158,'Смартфон Apple iPhone XR 64Gb Red',2099900,'Смартфон Apple iPhone XR 64Gb Red',0,367863),(159,'Смартфон Nokia 3.2 2/16Gb Black',299900,'Смартфон Nokia 3.2 2/16Gb Black',0,661773),(160,'Смартфон Samsung Galaxy A30 3/32Gb Red (SM-A305FZRU)',579900,'Смартфон Samsung Galaxy A30 3/32Gb Red (SM-A305FZRU)',0,573363),(161,'Смартфон Samsung Galaxy A50 4/64Gb White (SM-A505FZWU)',799900,'Смартфон Samsung Galaxy A50 4/64Gb White (SM-A505FZWU)',0,534623),(162,'Смартфон Huawei P20 64GB Twilight',999900,'Смартфон Huawei P20 64GB Twilight',0,383743),(163,'Смартфон Samsung Galaxy A30 3/32Gb Blue (SM-A305FZBU)',579900,'Смартфон Samsung Galaxy A30 3/32Gb Blue (SM-A305FZBU)',0,534523),(164,'Смартфон Samsung Galaxy M20 4/64Gb Ocean Blue (SM-M20)',544400,'Смартфон Samsung Galaxy M20 4/64Gb Ocean Blue (SM-M20)',0,555023),(165,'Смартфон Honor 8X 4/64Gb Blue',539900,'Смартфон Honor 8X 4/64Gb Blue',0,372513),(166,'Смартфон Xiaomi Redmi Note 7 4/64GB Neptune Blue',599900,'Смартфон Xiaomi Redmi Note 7 4/64GB Neptune Blue',0,543543),(167,'Смартфон Xiaomi Redmi 6A 2/16 Gold',249900,'Смартфон Xiaomi Redmi 6A 2/16 Gold',0,422833),(168,'Смартфон Huawei Y6 2019 Black',349900,'Смартфон Huawei Y6 2019 Black',0,531773),(169,'Смартфон Samsung Galaxy A30 3/32Gb Black (SM-A305FZKU)',579900,'Смартфон Samsung Galaxy A30 3/32Gb Black (SM-A305FZKU)',0,534473),(170,'Смартфон Apple iPhone Xs Max 64Gb Gold',2899900,'Смартфон Apple iPhone Xs Max 64Gb Gold',0,367893),(171,'Смартфон Apple iPhone Xs 64Gb Gold',2799900,'Смартфон Apple iPhone Xs 64Gb Gold',0,367833),(172,'Смартфон Apple iPhone 7 Plus 32GB Black',1649900,'Смартфон Apple iPhone 7 Plus 32GB Black',0,65469),(173,'Смартфон Honor 7A 2/16Gb Black',229900,'Смартфон Honor 7A 2/16Gb Black',0,298273),(174,'Смартфон Apple iPhone Xs 64Gb Space Grey',2699900,'Смартфон Apple iPhone Xs 64Gb Space Grey',0,367823),(175,'Смартфон Apple iPhone Xs Max 256Gb Gold',3499900,'Смартфон Apple iPhone Xs Max 256Gb Gold',0,369913),(176,'Смартфон Honor 8X 4/64Gb Black',539900,'Смартфон Honor 8X 4/64Gb Black',0,372113),(177,'Смартфон Honor 8X 4/64Gb Red',539900,'Смартфон Honor 8X 4/64Gb Red',0,440413),(178,'Смартфон Huawei Y6 2019 Blue',349900,'Смартфон Huawei Y6 2019 Blue',0,532273),(179,'Смартфон Samsung Galaxy A30 3/32Gb White (SM-A305FZWU)',579900,'Смартфон Samsung Galaxy A30 3/32Gb White (SM-A305FZWU)',0,534513),(180,'Смартфон Samsung Galaxy A50 6/128Gb White (SM-A505FZWQ)',949900,'Смартфон Samsung Galaxy A50 6/128Gb White (SM-A505FZWQ)',0,534563),(181,'Смартфон Samsung Galaxy A50 6/128Gb Black (SM-A505FZKQ)',949900,'Смартфон Samsung Galaxy A50 6/128Gb Black (SM-A505FZKQ)',0,534583),(182,'Смартфон Xiaomi Redmi Note 7 4/128GB Space Black',659900,'Смартфон Xiaomi Redmi Note 7 4/128GB Space Black',0,543893),(183,'Смартфон Xiaomi Redmi Note 7 4/128GB Neptune Blue',659900,'Смартфон Xiaomi Redmi Note 7 4/128GB Neptune Blue',0,543913),(184,'Смартфон Xiaomi Redmi Note 7 3/32GB Neptune Blue',549900,'Смартфон Xiaomi Redmi Note 7 3/32GB Neptune Blue',0,543933),(185,'Смартфон Xiaomi Redmi Note 7 3/32GB Nebula Red',549900,'Смартфон Xiaomi Redmi Note 7 3/32GB Nebula Red',0,543953),(186,'Смартфон Samsung Galaxy A10 2/32Gb Black (SM-A105FZKG)',369900,'Смартфон Samsung Galaxy A10 2/32Gb Black (SM-A105FZKG)',0,551013),(187,'Смартфон Samsung Galaxy A10 2/32Gb Blue (SM-A105FZBGS)',369900,'Смартфон Samsung Galaxy A10 2/32Gb Blue (SM-A105FZBGS)',0,551283),(188,'Смартфон Honor 10i 4/128Gb Blue',699900,'Смартфон Honor 10i 4/128Gb Blue',0,554303),(189,'Смартфон Samsung Galaxy A70 6/128Gb Black (SM-A705FZKU)',1299900,'Смартфон Samsung Galaxy A70 6/128Gb Black (SM-A705FZKU)',0,561793),(190,'Смартфон Xiaomi Redmi 7 2/16GB Eclipse Black',369900,'Смартфон Xiaomi Redmi 7 2/16GB Eclipse Black',0,562293),(191,'Смартфон Huawei P30 lite Peacock Blue',849900,'Смартфон Huawei P30 lite Peacock Blue',0,574533),(192,'Смартфон Honor 20 6/128Gb Blue',1199900,'Смартфон Honor 20 6/128Gb Blue',0,576693),(193,'Смартфон Huawei P Smart Z Sapphire Blue',699900,'Смартфон Huawei P Smart Z Sapphire Blue',0,615733),(194,'Смартфон Xiaomi Redmi 7A 2/16GB Matte Blue',299900,'Смартфон Xiaomi Redmi 7A 2/16GB Matte Blue',0,623863),(195,'Смартфон Samsung Galaxy Note 10+ 12/256Gb Black (SM-N975)',3599900,'Смартфон Samsung Galaxy Note 10+ 12/256Gb Black (SM-N975)',0,652913),(196,'Смартфон Nokia 2.2 2/16Gb Black',249900,'Смартфон Nokia 2.2 2/16Gb Black',0,659133),(200,'Смартфон Samsung Galaxy A50 4/64Gb Blue (SM-A505FZBU)',799900,'Смартфон Samsung Galaxy A50 4/64Gb Blue (SM-A505FZBU)',0,534633),(201,'Смартфон Xiaomi Redmi 7 3/32GB Comet Blue',439900,'Смартфон Xiaomi Redmi 7 3/32GB Comet Blue',0,550543),(202,'Смартфон Xiaomi Redmi 7A 2/32GB Matte Black',329900,'Смартфон Xiaomi Redmi 7A 2/32GB Matte Black',0,623843);
/*!40000 ALTER TABLE `products` ENABLE KEYS */;
UNLOCK TABLES;

--
-- Table structure for table `users`
--

DROP TABLE IF EXISTS `users`;
/*!40101 SET @saved_cs_client     = @@character_set_client */;
/*!40101 SET character_set_client = utf8 */;
CREATE TABLE `users` (
  `id` int(11) NOT NULL AUTO_INCREMENT,
  `email` varchar(180) CHARACTER SET utf8mb4 COLLATE utf8mb4_unicode_ci NOT NULL,
  `roles` json NOT NULL,
  `password` varchar(255) CHARACTER SET utf8mb4 COLLATE utf8mb4_unicode_ci NOT NULL,
  `first_name` varchar(255) CHARACTER SET utf8mb4 COLLATE utf8mb4_unicode_ci DEFAULT NULL,
  `last_name` varchar(255) CHARACTER SET utf8mb4 COLLATE utf8mb4_unicode_ci DEFAULT NULL,
  `address` varchar(1000) CHARACTER SET utf8mb4 COLLATE utf8mb4_unicode_ci DEFAULT NULL,
  `is_email_checked` tinyint(1) NOT NULL DEFAULT '0',
  `email_check_code` varchar(255) CHARACTER SET utf8mb4 COLLATE utf8mb4_unicode_ci DEFAULT NULL,
  PRIMARY KEY (`id`),
  UNIQUE KEY `UNIQ_1483A5E9E7927C74` (`email`)
) ENGINE=InnoDB AUTO_INCREMENT=9 DEFAULT CHARSET=utf8mb4 COLLATE=utf8mb4_unicode_ci;
/*!40101 SET character_set_client = @saved_cs_client */;

--
-- Dumping data for table `users`
--

LOCK TABLES `users` WRITE;
/*!40000 ALTER TABLE `users` DISABLE KEYS */;
INSERT INTO `users` VALUES (1,'admin@shop.com','[\"ROLE_ADMIN\"]','$argon2i$v=19$m=1024,t=2,p=2$LlVzMDl0UmNZOUFoMHNUVg$H1+/JgY4IQ5tyD9MIxU18uyxb2t5KGqH5EUhaQVdEuc','Admin','Site',NULL,0,NULL),(2,'user@email.com','[]','$argon2i$v=19$m=1024,t=2,p=2$c0puQnJYSUR4c1RVRVVKbw$oSMDtDo/sT0gA5UgfIGJ72GypkWHD8714ZM2Y3vgrZI','test','Tester','address',0,NULL),(3,'user1@email.com','[]','$argon2i$v=19$m=1024,t=2,p=2$T2JkQS9Wa2dlNHB6ZDJPag$HOg0frol1fSODflTkvCDScaelsjvlCbHKqeYBrjeXSw','testte','ghfgh','dgdfg',0,NULL),(4,'user123@email.com','[]','$argon2i$v=19$m=1024,t=2,p=2$emxjam9MN3JueXNsdjVaUg$GWgn8b6w06w4+s1NrbAaTwRPr6IuplrvPUvS8QxHN9k','1','1','1',0,'827f1dd2b6d49569615249862d2139ea'),(5,'user1234@email.com','[]','$argon2i$v=19$m=1024,t=2,p=2$Tk1kWFBld3lNRVhCQjhTUw$QH6669i6K3e8jhKk/6D3j2e7FHbA1koGn3gggPU/vnA','1','1','1',0,'81cc58d08904862cd6a3d562789040ce'),(6,'user12345@email.com','[]','$argon2i$v=19$m=1024,t=2,p=2$NzhaMVRrVXZaMi5pWHMxTg$5rOrXETaIDUTJZ7rp6Euc1U2zv0tP3/5MYxZXkw0ulE','1','1','1',0,'df9a6d2fac7602c75a40602402a9e5df'),(7,'user123456@email.com','[]','$argon2i$v=19$m=1024,t=2,p=2$enhuMS56czdkSllMN3Q1NQ$LEjOIb1Pr5rxbt/L5kWC/VjBRXWHQf0IE/bb/t7oUJI','1','1','1',0,'a3c41b12014e7d23ee70f90a44b14561'),(8,'user7@email.com','[]','$argon2i$v=19$m=1024,t=2,p=2$Mm9qNFBYYlZyUUFpcmRLUw$ybF5zwRTsKSdtSHd16pcqUKJUaCQ+2KR+ehnvlKb+Fs','First','Last','1',1,NULL);
/*!40000 ALTER TABLE `users` ENABLE KEYS */;
UNLOCK TABLES;
/*!40103 SET TIME_ZONE=@OLD_TIME_ZONE */;

/*!40101 SET SQL_MODE=@OLD_SQL_MODE */;
/*!40014 SET FOREIGN_KEY_CHECKS=@OLD_FOREIGN_KEY_CHECKS */;
/*!40014 SET UNIQUE_CHECKS=@OLD_UNIQUE_CHECKS */;
/*!40101 SET CHARACTER_SET_CLIENT=@OLD_CHARACTER_SET_CLIENT */;
/*!40101 SET CHARACTER_SET_RESULTS=@OLD_CHARACTER_SET_RESULTS */;
/*!40101 SET COLLATION_CONNECTION=@OLD_COLLATION_CONNECTION */;
/*!40111 SET SQL_NOTES=@OLD_SQL_NOTES */;

-- Dump completed on 2019-09-04 21:01:13
